	L1_Unhatched	L1_Hatched	L1_3hr	L1_24hr	L2
C0	0.7480672433231291	0.9109253503360424	0.46757703047103977	-0.8075183726899084	-1.3190512514402997
C1	1.1711575095905844	1.0106361106617647	-0.8351677956657585	-0.6359034421214048	-0.7107223824651857
C2	0.43734747385398964	0.18786504379803273	0.6514160053930086	0.487341304675256	-1.763969827720286
C3	-0.9239378568385164	0.32795656277891244	1.1351268262485943	0.6262317509520567	-1.165377283141047
C4	-1.2602533972684304	-0.8089153179303553	1.1389941948301014	0.5823418721678081	0.3478326482008778
C5	-1.0183695870985976	-0.9181324322437541	-0.11604550534746459	1.0236288551340864	1.0289186695557302
C6	-0.6668295728993716	-0.54654876470324	-0.34266951762554754	-0.20395313584473732	1.7600009910728958
